<application>
  <component name="FileTypeManager" version="17">
    <ignoreFiles list="*$py.class;*.hprof;*.pyc;*.pyo;*.rbc;*.yarb;*~;.DS_Store;.git;.hg;.svn;CVS;__pycache__;_svn;vssver.scc;vssver2.scc;" />
    <extensionMap>
      <mapping pattern=".deepsource.toml" type="PLAIN_TEXT" />
      <mapping pattern="runWithEnv.cmd" type="PLAIN_TEXT" />
      <mapping pattern="__init__" type="PLAIN_TEXT" />
      <mapping pattern="installation" type="PLAIN_TEXT" />
    </extensionMap>
  </component>
</application>