<application>
  <component name="ProjectJdkTable">
    <jdk version="2">
      <name value="Python 3.7 (testproject)" />
      <type value="Python SDK" />
      <version value="Python 3.7.5" />
      <homePath value="C:\Users\vhirtham\miniconda3\envs\testproject\python.exe" />
      <roots>
        <classPath>
          <root type="composite">
            <root url="file://$USER_HOME$/miniconda3/envs/testproject/DLLs" type="simple" />
            <root url="file://$USER_HOME$/miniconda3/envs/testproject/Lib" type="simple" />
            <root url="file://$USER_HOME$/miniconda3/envs/testproject/Lib/site-packages" type="simple" />
            <root url="file://$USER_HOME$/.PyCharmCE2019.2/system/python_stubs/1937051298" type="simple" />
            <root url="file://$APPLICATION_HOME_DIR$/helpers/python-skeletons" type="simple" />
            <root url="file://$APPLICATION_HOME_DIR$/helpers/typeshed/stdlib/3" type="simple" />
            <root url="file://$APPLICATION_HOME_DIR$/helpers/typeshed/stdlib/2and3" type="simple" />
            <root url="file://$APPLICATION_HOME_DIR$/helpers/typeshed/third_party/3" type="simple" />
            <root url="file://$APPLICATION_HOME_DIR$/helpers/typeshed/third_party/2and3" type="simple" />
          </root>
        </classPath>
        <sourcePath>
          <root type="composite" />
        </sourcePath>
      </roots>
      <additional ASSOCIATED_PROJECT_PATH="$USER_HOME$/PycharmProjects/testproject" />
    </jdk>
    <jdk version="2">
      <name value="Python 3.7 (test-environment)" />
      <type value="Python SDK" />
      <version value="Python 3.7.5" />
      <homePath value="C:\Users\vhirtham\AppData\Local\Continuum\anaconda3\envs\test-environment\python.exe" />
      <roots>
        <classPath>
          <root type="composite">
            <root url="file://$USER_HOME$/AppData/Local/Continuum/anaconda3/envs/test-environment/DLLs" type="simple" />
            <root url="file://$USER_HOME$/AppData/Local/Continuum/anaconda3/envs/test-environment/Lib" type="simple" />
            <root url="file://$USER_HOME$/AppData/Local/Continuum/anaconda3/envs/test-environment/Lib/site-packages" type="simple" />
            <root url="file://$USER_HOME$/PycharmProjects/testproject/pythonTest" type="simple" />
            <root url="file://$USER_HOME$/.PyCharmCE2019.2/system/python_stubs/-507663381" type="simple" />
            <root url="file://$APPLICATION_HOME_DIR$/helpers/python-skeletons" type="simple" />
            <root url="file://$APPLICATION_HOME_DIR$/helpers/typeshed/stdlib/3" type="simple" />
            <root url="file://$APPLICATION_HOME_DIR$/helpers/typeshed/stdlib/2and3" type="simple" />
            <root url="file://$APPLICATION_HOME_DIR$/helpers/typeshed/third_party/3" type="simple" />
            <root url="file://$APPLICATION_HOME_DIR$/helpers/typeshed/third_party/2and3" type="simple" />
          </root>
        </classPath>
        <sourcePath>
          <root type="composite" />
        </sourcePath>
      </roots>
      <additional ASSOCIATED_PROJECT_PATH="$USER_HOME$/PycharmProjects/testproject" />
    </jdk>
  </component>
</application>