<profile version="1.0">
  <option name="myName" value="WeldX" />
  <inspection_tool class="PyComparisonWithNoneInspection" enabled="true" level="SERVER PROBLEM" enabled_by_default="true" />
  <inspection_tool class="PyDocstringTypesInspection" enabled="true" level="ERROR" enabled_by_default="true" />
  <inspection_tool class="PyIncorrectDocstringInspection" enabled="true" level="ERROR" enabled_by_default="true" />
  <inspection_tool class="PyMethodMayBeStaticInspection" enabled="true" level="ERROR" enabled_by_default="true" />
  <inspection_tool class="PyMissingOrEmptyDocstringInspection" enabled="true" level="ERROR" enabled_by_default="true" />
  <inspection_tool class="PyPep8Inspection" enabled="true" level="ERROR" enabled_by_default="true" />
  <inspection_tool class="PyPep8NamingInspection" enabled="true" level="ERROR" enabled_by_default="true" />
  <inspection_tool class="PyProtectedMemberInspection" enabled="true" level="SERVER PROBLEM" enabled_by_default="true" />
  <inspection_tool class="PySingleQuotedDocstringInspection" enabled="true" level="ERROR" enabled_by_default="true" />
  <inspection_tool class="PyStatementEffectInspection" enabled="true" level="ERROR" enabled_by_default="true" />
  <inspection_tool class="PyUnresolvedReferencesInspection" enabled="true" level="ERROR" enabled_by_default="true" />
  <inspection_tool class="Pylint" enabled="false" level="ERROR" enabled_by_default="false" />
</profile>